title,description,content,url,image,publishedat,source
Exclusive: Tesla taps Asian partners to address 4680 battery concerns,"It's crunch time at Tesla Inc , where Elon Musk is looking to crack the code for making better, cheaper batteries.","[1/2] Kazuo Tadanobu, CEO of Panasonic's Energy Company, holds a prototype of the 4680 format battery cell (L) next to the current 2170 battery supplied to Tesla Inc during a news conference in Tokyo, Japan October 25, 2021.REUTERS/Tim Kelly/File Pho... [6024 chars]",https://www.reuters.com/business/autos-transportation/tesla-taps-asian-partners-address-4680-battery-concerns-2023-03-10/,https://www.reuters.com/resizer/614FA2RmbEHfaM3esxpxwmw4rXw=/1200x628/smart/filters:quality(80)/cloudfront-us-east-2.images.arcpublishing.com/reuters/NXPYIK7GGBLT7GWJ4MDHJYPVIE.jpg,2023-03-11T02:36:35Z,Reuters
"Musk exercises options to buy 10,500 Tesla shares","Musk exercises options to buy 10,500 Tesla shares - filing","© Reuters Musk exercises options to buy 10,500 Tesla (TSLA) shares - filing
TSLA +0.30% Add to/Remove from Watchlist
Elon Musk, CEO of Tesla (TSLA), disclosed yesterday that he acquired 10,500 shares of the electric vehicle (EV) company after exercis... [383 chars]",https://www.investing.com/news/stock-market-news/musk-exercises-options-to-buy-10500-tesla-shares--filing-432SI-3028066,https://i-invdn-com.investing.com/news/moved_LYNXMPEI0P13A_L.jpg,2023-03-11T05:00:00Z,Investing.com
"Elon Musk exercises options to acquire 10,500 Tesla shares","Elon Musk exercises options to acquire 10,500 Tesla shares - filing","© Reuters. FILE PHOTO: Tesla Inc CEO Elon Musk speaks onstage during a delivery event for Tesla China-made Model 3 cars at its factory in Shanghai, China January 7, 2020. REUTERS/Aly Song/File Photo
TSLA +0.30% Add to/Remove from Watchlist
(Reuters) ... [326 chars]",https://www.investing.com/news/stock-market-news/elon-musk-acquires-10500-tesla-shares-worth-about-50000--filing-3027994,https://i-invdn-com.investing.com/news/LYNXMPEE6B0L1_L.jpg,2023-03-10T05:00:00Z,Investing.com
"Employee Stole From Lovisa, Spent Money on Tesla, Trip to Hawaii","A Lasell University student is facing charges that she stole over $500,000 from the jewelry store where she worked and used at least some of those funds to buy...","A student and track star at Lasell University in Newton, Massachusetts, is appearing in court on Friday after being arrested for allegedly stealing over $500,000 from the jewelry store where she worked and using at least some of those funds to buy a ... [2687 chars]",https://www.nbcboston.com/news/local/lasell-university-student-charged-with-stealing-500k-from-employer-appearing-in-court-friday/2992625/,https://media.nbcboston.com/2023/03/tesla.jpg?quality=85&strip=all&resize=1200%2C675,2023-03-10T08:41:24Z,NBC10 Boston
Tesla Stock Loses Buy Rating at Berenberg: 5 Big Analyst Calls,"Stocks Analysis by Garrett Cook covering: Caterpillar Inc, Costco Wholesale Corp, KB Home, Tesla Inc. Read Garrett Cook's latest article on Investing.com","CAT -5.79% Add to/Remove from Watchlist COST -1.75% Add to/Remove from Watchlist KBH -2.62% Add to/Remove from Watchlist TSLA +0.30% Add to/Remove from Watchlist GLNCY +0.36% Add to/Remove from Watchlist ETSY -1.63% Add to/Remove from Watchlist
Tesla... [5425 chars]",https://www.investing.com/analysis/tesla-stock-loses-buy-rating-at-berenberg-5-big-analyst-calls--pro-recap-200636128,https://i-invdn-com.investing.com/redesign/images/seo/investingcom_analysis_og.jpg,2023-03-12T05:00:00Z,Investing.com
Tesla Battery Supplier CATL Sees Profits Surge Amid Global EV Boom,CATL earnings nearly doubled in 2022 capped by a strong fourth quarter. It cited global EV demand. China EV stocks fell.,"China's CATL beat annual earnings expectations on the back of a strong fourth quarter. The company, a leading battery supplier to Tesla and others, cited worldwide demand for electric vehicles.
X
Contemporary Amperex Technology, or CATL, disclosed in... [2995 chars]",https://www.investors.com/news/china-ev-stocks-tesla-battery-supplier-catl-sees-profits-surge-global-ev-boom/,https://www.investors.com/wp-content/uploads/2020/09/Stock-EVbattery-02-shutt.jpg,2023-03-10T12:49:50Z,Investor's Business Daily
"Elon Musk Is 'Open' to Buying SVB, Tesla Investor Says 'No Thanks'","One Tesla shareholder feared the Twitter and Tesla CEO might sell ""another $20 billion worth of $Tesla stock"" to help finance a purchase.","Elon Musk tweeted late Friday he was ""open to the idea"" of buying the failed Silicon Valley Bank.
A Tesla investor appeared to disapprove of the billionaire's idea, telling him ""no thanks.""
Musk sold about $23 billion of Tesla stock last year to help... [2106 chars]",https://markets.businessinsider.com/news/stocks/elon-musk-buy-silicon-valley-bank-tesla-investor-no-thanks-2023-3,https://i.insider.com/640c45008b8d9b0018cacc9d?width=1200&format=jpeg,2023-03-11T05:00:00Z,Business Insider
Tesla 4680 battery’s secret sauce: Dry electrode coating,Tesla Inc is pioneering a new battery manufacturing process called dry electrode coating that it is applying to its new 4680 battery cells.,"March 10 (Reuters) - Tesla Inc (TSLA.O) is pioneering a new battery manufacturing process called dry electrode coating that it is applying to its new 4680 battery cells.
The dry process, which Tesla obtained via its 2019 acquisition of California sta... [836 chars]",https://www.reuters.com/technology/tesla-4680-batterys-secret-sauce-dry-electrode-coating-2023-03-10/,https://www.reuters.com/resizer/EzmKP7ndF7ymnW5Wom844xZG8Sk=/1200x628/smart/filters:quality(80)/cloudfront-us-east-2.images.arcpublishing.com/reuters/LCEYWTKRDJM37MN4OFMQIVO754.jpg,2023-03-11T18:12:40Z,Reuters
These 16 Tesla crashes are part of a federal investigation,Map: Sixteen Tesla crashes are the focus of a federal investigation into incidents in which a car using Autopilot ran into a stationary emergency vehicle on a highway.,"Sixteen Tesla crashes are the focus of a federal investigation into incidents in which a car using Autopilot ran into a stationary emergency vehicle on a highway.
The National Highway Traffic Safety Administration opened a preliminary evaluation in A... [5644 chars]",https://www.mercurynews.com/2023/03/09/map-these-16-tesla-crashes-are-part-of-a-federal-investigation-into-autopilot/,https://www.mercurynews.com/wp-content/uploads/2023/03/teslacrashes.png?w=1024&h=631,2023-03-09T17:31:08Z,The Mercury News
Tesla reveals the Model S will have a new 'high-visibility glass roof',Tesla claims that the new glass roof weighs less and allows in 5 times more light while maintaining the same level of UV protection compared to the old roof.,"Tesla has since informed its customers through email of all of these changes. According to Tesla, a new ""high-visibility glass roof"" is being added to the Model S.
More updates:
- Glass roof now weighs less & lets in 5x more light with same level of ... [821 chars]",https://interestingengineering.com/transportation/tesla-reveals-model-s-visibility-glass-roof,https://dnd2oi6izkvoi.cloudfront.net/2023/03/10/image/jpeg/b7WVPTmYfFQjnRz1PZ21EqrjALur2H7mePhyay7L.jpg,2023-03-10T15:48:49Z,Interesting Engineering
